[{"pk": 5, "model": "contenttypes.contenttype", "fields": {"model": "contenttype", "name": "content type", "app_label": "contenttypes"}}, {"pk": 15, "model": "contenttypes.contenttype", "fields": {"model": "context", "name": "context", "app_label": "tickets"}}, {"pk": 9, "model": "contenttypes.contenttype", "fields": {"model": "flatpage", "name": "flat page", "app_label": "flatpages"}}, {"pk": 11, "model": "contenttypes.contenttype", "fields": {"model": "followup", "name": "followup", "app_label": "tickets"}}, {"pk": 2, "model": "contenttypes.contenttype", "fields": {"model": "group", "name": "group", "app_label": "auth"}}, {"pk": 8, "model": "contenttypes.contenttype", "fields": {"model": "logentry", "name": "log entry", "app_label": "admin"}}, {"pk": 12, "model": "contenttypes.contenttype", "fields": {"model": "media", "name": "media", "app_label": "tickets"}}, {"pk": 4, "model": "contenttypes.contenttype", "fields": {"model": "message", "name": "message", "app_label": "auth"}}, {"pk": 1, "model": "contenttypes.contenttype", "fields": {"model": "permission", "name": "permission", "app_label": "auth"}}, {"pk": 13, "model": "contenttypes.contenttype", "fields": {"model": "registrationprofile", "name": "registration profile", "app_label": "registration"}}, {"pk": 6, "model": "contenttypes.contenttype", "fields": {"model": "session", "name": "session", "app_label": "sessions"}}, {"pk": 7, "model": "contenttypes.contenttype", "fields": {"model": "site", "name": "site", "app_label": "sites"}}, {"pk": 16, "model": "contenttypes.contenttype", "fields": {"model": "status", "name": "status", "app_label": "tickets"}}, {"pk": 10, "model": "contenttypes.contenttype", "fields": {"model": "ticket", "name": "ticket", "app_label": "tickets"}}, {"pk": 14, "model": "contenttypes.contenttype", "fields": {"model": "type", "name": "type", "app_label": "tickets"}}, {"pk": 3, "model": "contenttypes.contenttype", "fields": {"model": "user", "name": "user", "app_label": "auth"}}, {"pk": "033265ff23fd37c517f6283bea676e70", "model": "sessions.session", "fields": {"expire_date": "2011-01-18 15:44:34", "session_data": "gAJ9cQEoVRJfYXV0aF91c2VyX2JhY2tlbmRxAlUpZGphbmdvLmNvbnRyaWIuYXV0aC5iYWNrZW5k\ncy5Nb2RlbEJhY2tlbmRxA1UNX2F1dGhfdXNlcl9pZHEEigEBdS4zZmMxODk4YTZmYThmN2Y3NGY4\nYjNjMDY0OWFhZTkzOA==\n"}}, {"pk": "8dee84f190efa2658b573b782559f973", "model": "sessions.session", "fields": {"expire_date": "2010-12-02 12:55:34", "session_data": "gAJ9cQEoVRJfYXV0aF91c2VyX2JhY2tlbmRxAlUpZGphbmdvLmNvbnRyaWIuYXV0aC5iYWNrZW5k\ncy5Nb2RlbEJhY2tlbmRxA1UNX2F1dGhfdXNlcl9pZHEEigEBdS4zZmMxODk4YTZmYThmN2Y3NGY4\nYjNjMDY0OWFhZTkzOA==\n"}}, {"pk": "2bdea7f5c0955d837c5c4ed2ad4249aa", "model": "sessions.session", "fields": {"expire_date": "2011-01-28 19:31:23", "session_data": "gAJ9cQEoVRJfYXV0aF91c2VyX2JhY2tlbmRxAlUpZGphbmdvLmNvbnRyaWIuYXV0aC5iYWNrZW5k\ncy5Nb2RlbEJhY2tlbmRxA1UNX2F1dGhfdXNlcl9pZHEEigEBdS4zZmMxODk4YTZmYThmN2Y3NGY4\nYjNjMDY0OWFhZTkzOA==\n"}}, {"pk": "cb3579364e25bbeb037df5ce3365cb0a", "model": "sessions.session", "fields": {"expire_date": "2011-02-04 17:14:17", "session_data": "gAJ9cQEuNzM5ZmQwZTgxNTE5OTJmNWYwMDg0YzdmMjJkMWJiODg=\n"}}, {"pk": "83baa6032baabe66d730a2716032878c", "model": "sessions.session", "fields": {"expire_date": "2011-02-11 10:18:48", "session_data": "gAJ9cQEoVRJfYXV0aF91c2VyX2JhY2tlbmRxAlUpZGphbmdvLmNvbnRyaWIuYXV0aC5iYWNrZW5k\ncy5Nb2RlbEJhY2tlbmRxA1UNX2F1dGhfdXNlcl9pZHEEigEBdS4zZmMxODk4YTZmYThmN2Y3NGY4\nYjNjMDY0OWFhZTkzOA==\n"}}, {"pk": "823da97d67929a833fe1bd972ddbc114", "model": "sessions.session", "fields": {"expire_date": "2011-01-28 15:17:45", "session_data": "gAJ9cQEuNzM5ZmQwZTgxNTE5OTJmNWYwMDg0YzdmMjJkMWJiODg=\n"}}, {"pk": "d8e2b999eb716fb3ca6f595ca59e0de1", "model": "sessions.session", "fields": {"expire_date": "2011-02-15 18:13:11", "session_data": "gAJ9cQEuNzM5ZmQwZTgxNTE5OTJmNWYwMDg0YzdmMjJkMWJiODg=\n"}}, {"pk": 1, "model": "sites.site", "fields": {"domain": "evaluation", "name": "SciELO Journal"}}, {"pk": 178, "model": "admin.logentry", "fields": {"action_flag": 2, "action_time": "2011-02-01 18:12:44", "object_repr": "t\u00e9cnico", "object_id": "1", "change_message": "Changed permissions.", "user": 1, "content_type": 2}}, {"pk": 177, "model": "admin.logentry", "fields": {"action_flag": 2, "action_time": "2011-02-01 18:11:48", "object_repr": "cinthyaperona", "object_id": "32", "change_message": "Changed is_staff.", "user": 1, "content_type": 3}}, {"pk": 176, "model": "admin.logentry", "fields": {"action_flag": 2, "action_time": "2011-02-01 18:11:41", "object_repr": "deniseperes", "object_id": "31", "change_message": "Changed is_staff.", "user": 1, "content_type": 3}}, {"pk": 175, "model": "admin.logentry", "fields": {"action_flag": 2, "action_time": "2011-02-01 18:11:01", "object_repr": "admin", "object_id": "1", "change_message": "No fields changed.", "user": 1, "content_type": 3}}, {"pk": 174, "model": "admin.logentry", "fields": {"action_flag": 2, "action_time": "2011-02-01 18:10:56", "object_repr": "admin", "object_id": "1", "change_message": "Changed first_name and last_name.", "user": 1, "content_type": 3}}, {"pk": 173, "model": "admin.logentry", "fields": {"action_flag": 2, "action_time": "2011-02-01 18:10:39", "object_repr": "fabiana.montanari", "object_id": "33", "change_message": "Changed first_name, last_name, email, is_staff, is_superuser and user_permissions.", "user": 1, "content_type": 3}}, {"pk": 172, "model": "admin.logentry", "fields": {"action_flag": 2, "action_time": "2011-02-01 18:09:57", "object_repr": "deniseperes", "object_id": "31", "change_message": "Changed first_name, last_name, email and groups.", "user": 1, "content_type": 3}}, {"pk": 171, "model": "admin.logentry", "fields": {"action_flag": 2, "action_time": "2011-02-01 18:09:28", "object_repr": "cinthyaperona", "object_id": "32", "change_message": "Changed first_name, last_name, email and groups.", "user": 1, "content_type": 3}}, {"pk": 170, "model": "admin.logentry", "fields": {"action_flag": 1, "action_time": "2011-02-01 18:08:02", "object_repr": "fabiana.montanari", "object_id": "33", "change_message": "", "user": 1, "content_type": 3}}, {"pk": 169, "model": "admin.logentry", "fields": {"action_flag": 1, "action_time": "2011-02-01 18:07:47", "object_repr": "cinthyaperona", "object_id": "32", "change_message": "", "user": 1, "content_type": 3}}, {"pk": 168, "model": "admin.logentry", "fields": {"action_flag": 1, "action_time": "2011-02-01 18:07:23", "object_repr": "deniseperes", "object_id": "31", "change_message": "", "user": 1, "content_type": 3}}, {"pk": 167, "model": "admin.logentry", "fields": {"action_flag": 1, "action_time": "2011-02-01 18:04:33", "object_repr": "t\u00e9cnico", "object_id": "1", "change_message": "", "user": 1, "content_type": 2}}, {"pk": 166, "model": "admin.logentry", "fields": {"action_flag": 1, "action_time": "2011-02-01 18:00:00", "object_repr": "Reprovado por falta de apresenta\u00e7\u00e3o de documenta\u00e7\u00e3o ", "object_id": "21", "change_message": "", "user": 1, "content_type": 16}}, {"pk": 165, "model": "admin.logentry", "fields": {"action_flag": 1, "action_time": "2011-02-01 17:59:39", "object_repr": "Pendente para finaliza\u00e7\u00e3o do processo de avalia\u00e7\u00e3o de \u00e1rea", "object_id": "20", "change_message": "", "user": 1, "content_type": 16}}, {"pk": 164, "model": "admin.logentry", "fields": {"action_flag": 1, "action_time": "2011-02-01 17:59:16", "object_repr": "Aprovado sob condi\u00e7\u00f5es na avalia\u00e7\u00e3o de \u00e1rea para inclus\u00e3o na Cole\u00e7\u00e3o SciELO Brasil", "object_id": "19", "change_message": "", "user": 1, "content_type": 16}}, {"pk": 163, "model": "admin.logentry", "fields": {"action_flag": 1, "action_time": "2011-02-01 17:58:27", "object_repr": "Aprovado com restri\u00e7\u00f5es na avalia\u00e7\u00e3o de \u00e1rea para inclus\u00e3o na Cole\u00e7\u00e3o SciELO Brasil", "object_id": "18", "change_message": "", "user": 1, "content_type": 16}}, {"pk": 162, "model": "admin.logentry", "fields": {"action_flag": 1, "action_time": "2011-02-01 17:57:53", "object_repr": "Aprovado na avalia\u00e7\u00e3o de \u00e1rea para inclus\u00e3o na Cole\u00e7\u00e3o SciELO Brasil", "object_id": "17", "change_message": "", "user": 1, "content_type": 16}}, {"pk": 161, "model": "admin.logentry", "fields": {"action_flag": 1, "action_time": "2011-02-01 17:57:02", "object_repr": "Em processo de avalia\u00e7\u00e3o de \u00e1rea", "object_id": "16", "change_message": "", "user": 1, "content_type": 16}}, {"pk": 160, "model": "admin.logentry", "fields": {"action_flag": 1, "action_time": "2011-02-01 17:56:44", "object_repr": "Aguardando envio de Documento", "object_id": "15", "change_message": "", "user": 1, "content_type": 16}}, {"pk": 159, "model": "admin.logentry", "fields": {"action_flag": 1, "action_time": "2011-02-01 17:56:30", "object_repr": "Reprovado na avalia\u00e7\u00e3o de formato e endogeniia e pelos menbros do comit\u00ea Consultivo", "object_id": "14", "change_message": "", "user": 1, "content_type": 16}}, {"pk": 158, "model": "admin.logentry", "fields": {"action_flag": 1, "action_time": "2011-02-01 17:55:53", "object_repr": "Reprovado na pr\u00e9-etapa de avalia\u00e7\u00e3o", "object_id": "13", "change_message": "", "user": 1, "content_type": 16}}, {"pk": 157, "model": "admin.logentry", "fields": {"action_flag": 1, "action_time": "2011-02-01 17:55:31", "object_repr": "Reprovado pelos menbros do Comit\u00ea Consultivo", "object_id": "12", "change_message": "", "user": 1, "content_type": 16}}, {"pk": 156, "model": "admin.logentry", "fields": {"action_flag": 1, "action_time": "2011-02-01 17:55:06", "object_repr": "Recurso pendente para a avalia\u00e7\u00e3o complementar do comit\u00ea Consultivo", "object_id": "11", "change_message": "", "user": 1, "content_type": 16}}, {"pk": 155, "model": "admin.logentry", "fields": {"action_flag": 1, "action_time": "2011-02-01 17:54:22", "object_repr": "Pendente para avalia\u00e7\u00e3o complementar do comit\u00ea Consultivo", "object_id": "10", "change_message": "", "user": 1, "content_type": 16}}, {"pk": 154, "model": "admin.logentry", "fields": {"action_flag": 1, "action_time": "2011-02-01 17:53:59", "object_repr": "pendente para a avalia\u00e7\u00e3o de m\u00e9rito cient\u00edfico complementar", "object_id": "9", "change_message": "", "user": 1, "content_type": 16}}, {"pk": 153, "model": "admin.logentry", "fields": {"action_flag": 1, "action_time": "2011-02-01 17:53:26", "object_repr": "Encaminhada para a avalia\u00e7\u00e3o de m\u00e9rito cient\u00edfico por recurso", "object_id": "8", "change_message": "", "user": 1, "content_type": 16}}, {"pk": 152, "model": "admin.logentry", "fields": {"action_flag": 1, "action_time": "2011-02-01 17:52:56", "object_repr": "Aprovado para avalia\u00e7\u00e3o de m\u00e9rito cient\u00edfico por formato e endogenia", "object_id": "7", "change_message": "", "user": 1, "content_type": 16}}, {"pk": 151, "model": "admin.logentry", "fields": {"action_flag": 1, "action_time": "2011-02-01 17:52:25", "object_repr": "Aprovado para avalia\u00e7\u00e3o de m\u00e9rido cient\u00edfico pelos menbros do Comit\u00ea Consultivo", "object_id": "6", "change_message": "", "user": 1, "content_type": 16}}, {"pk": 150, "model": "admin.logentry", "fields": {"action_flag": 1, "action_time": "2011-02-01 17:51:38", "object_repr": "Aprovado sob condi\u00e7\u00f5es para inclus\u00e3o na Cole\u00e7\u00e3o SciELO Brasil", "object_id": "5", "change_message": "", "user": 1, "content_type": 16}}, {"pk": 149, "model": "admin.logentry", "fields": {"action_flag": 1, "action_time": "2011-02-01 17:51:07", "object_repr": "Aprovado com restri\u00e7\u00f5es para inclus\u00e3o na Cole\u00e7\u00e3o SciELO Brasil", "object_id": "4", "change_message": "", "user": 1, "content_type": 16}}, {"pk": 148, "model": "admin.logentry", "fields": {"action_flag": 1, "action_time": "2011-02-01 17:50:36", "object_repr": "Aprovado para inclus\u00e3o na Cole\u00e7\u00e3o SciELO Brasil", "object_id": "3", "change_message": "", "user": 1, "content_type": 16}}, {"pk": 147, "model": "admin.logentry", "fields": {"action_flag": 1, "action_time": "2011-02-01 17:50:03", "object_repr": "Em processo de avalia\u00e7\u00e3o", "object_id": "2", "change_message": "", "user": 1, "content_type": 16}}, {"pk": 146, "model": "admin.logentry", "fields": {"action_flag": 1, "action_time": "2011-02-01 17:49:52", "object_repr": "Aguardando envio de Documento", "object_id": "1", "change_message": "", "user": 1, "content_type": 16}}, {"pk": 145, "model": "admin.logentry", "fields": {"action_flag": 1, "action_time": "2011-02-01 17:46:50", "object_repr": "Outros", "object_id": "24", "change_message": "", "user": 1, "content_type": 15}}, {"pk": 144, "model": "admin.logentry", "fields": {"action_flag": 1, "action_time": "2011-02-01 17:46:44", "object_repr": "Nome da \u00e1rea - informa\u00e7\u00e3o sobre a divulga\u00e7\u00e3o dos resultados", "object_id": "23", "change_message": "", "user": 1, "content_type": 15}}, {"pk": 143, "model": "admin.logentry", "fields": {"action_flag": 1, "action_time": "2011-02-01 17:46:29", "object_repr": "Nome da \u00e1rea - solicita\u00e7\u00e3o de esclarecimento de d\u00favidas", "object_id": "22", "change_message": "", "user": 1, "content_type": 15}}, {"pk": 142, "model": "admin.logentry", "fields": {"action_flag": 1, "action_time": "2011-02-01 17:46:06", "object_repr": "Nome da \u00e1rea - solicita\u00e7\u00e3o de complementa\u00e7\u00e3o ou corre\u00e7\u00e3o de informa\u00e7\u00e3o", "object_id": "21", "change_message": "", "user": 1, "content_type": 15}}, {"pk": 141, "model": "admin.logentry", "fields": {"action_flag": 1, "action_time": "2011-02-01 17:45:40", "object_repr": "Nome da \u00e1rea - solicita\u00e7\u00e3o de fasc\u00edculos", "object_id": "20", "change_message": "", "user": 1, "content_type": 15}}, {"pk": 140, "model": "admin.logentry", "fields": {"action_flag": 1, "action_time": "2011-02-01 17:45:23", "object_repr": "Nome da \u00e1rea - solicita\u00e7\u00e3o de arquivo(s) faltante(s)", "object_id": "19", "change_message": "", "user": 1, "content_type": 15}}, {"pk": 139, "model": "admin.logentry", "fields": {"action_flag": 1, "action_time": "2011-02-01 17:44:38", "object_repr": "Nome da \u00e1rea - confirma\u00e7\u00e3o de inclus\u00e3o no processo", "object_id": "18", "change_message": "", "user": 1, "content_type": 15}}, {"pk": 138, "model": "admin.logentry", "fields": {"action_flag": 1, "action_time": "2011-02-01 17:44:26", "object_repr": "Nome da \u00e1rea - confirma\u00e7\u00e3o de recebimento de fasc\u00edculos", "object_id": "17", "change_message": "", "user": 1, "content_type": 15}}, {"pk": 137, "model": "admin.logentry", "fields": {"action_flag": 1, "action_time": "2011-02-01 17:44:01", "object_repr": "Nome da \u00e1rea - confirma\u00e7\u00e3o de recebimento de arquivos", "object_id": "16", "change_message": "", "user": 1, "content_type": 15}}, {"pk": 136, "model": "admin.logentry", "fields": {"action_flag": 1, "action_time": "2011-02-01 17:43:38", "object_repr": "Nome da \u00e1rea - resultado do processo", "object_id": "15", "change_message": "", "user": 1, "content_type": 15}}, {"pk": 135, "model": "admin.logentry", "fields": {"action_flag": 2, "action_time": "2011-02-01 17:43:25", "object_repr": "Nome da \u00e1rea - segunda etapa", "object_id": "14", "change_message": "Changed context_name.", "user": 1, "content_type": 15}}, {"pk": 134, "model": "admin.logentry", "fields": {"action_flag": 1, "action_time": "2011-02-01 17:43:17", "object_repr": "Nome da \u00e1rea - se", "object_id": "14", "change_message": "", "user": 1, "content_type": 15}}, {"pk": 133, "model": "admin.logentry", "fields": {"action_flag": 1, "action_time": "2011-02-01 17:43:02", "object_repr": "Nome da \u00e1rea - primeira etapa", "object_id": "13", "change_message": "", "user": 1, "content_type": 15}}, {"pk": 132, "model": "admin.logentry", "fields": {"action_flag": 1, "action_time": "2011-02-01 17:42:35", "object_repr": "Outros", "object_id": "12", "change_message": "", "user": 1, "content_type": 15}}, {"pk": 131, "model": "admin.logentry", "fields": {"action_flag": 1, "action_time": "2011-02-01 17:42:25", "object_repr": "Resultados do processo", "object_id": "11", "change_message": "", "user": 1, "content_type": 15}}, {"pk": 130, "model": "admin.logentry", "fields": {"action_flag": 1, "action_time": "2011-02-01 17:42:18", "object_repr": "Informa\u00e7\u00f5es sobre a divulga\u00e7\u00e3o dos resultados", "object_id": "10", "change_message": "", "user": 1, "content_type": 15}}, {"pk": 129, "model": "admin.logentry", "fields": {"action_flag": 1, "action_time": "2011-02-01 17:42:08", "object_repr": "Solicita\u00e7\u00e3o de esclarecimento de d\u00favidas", "object_id": "9", "change_message": "", "user": 1, "content_type": 15}}, {"pk": 128, "model": "admin.logentry", "fields": {"action_flag": 1, "action_time": "2011-02-01 17:41:54", "object_repr": "Solicita\u00e7\u00e3o de atualiza\u00e7\u00e3o de dados do formul\u00e1rio de avalia\u00e7\u00e3o", "object_id": "8", "change_message": "", "user": 1, "content_type": 15}}, {"pk": 127, "model": "admin.logentry", "fields": {"action_flag": 1, "action_time": "2011-02-01 17:41:36", "object_repr": "Solicita\u00e7\u00e3o de complementa\u00e7\u00e3o ou corre\u00e7\u00e3o de informa\u00e7\u00e3o", "object_id": "7", "change_message": "", "user": 1, "content_type": 15}}, {"pk": 126, "model": "admin.logentry", "fields": {"action_flag": 1, "action_time": "2011-02-01 17:41:20", "object_repr": "Solicita\u00e7\u00e3o de fasc\u00edculos", "object_id": "6", "change_message": "", "user": 1, "content_type": 15}}, {"pk": 125, "model": "admin.logentry", "fields": {"action_flag": 1, "action_time": "2011-02-01 17:41:11", "object_repr": "Solicita\u00e7\u00e3o de arquivo(s) faltante(s)", "object_id": "5", "change_message": "", "user": 1, "content_type": 15}}, {"pk": 124, "model": "admin.logentry", "fields": {"action_flag": 1, "action_time": "2011-02-01 17:40:45", "object_repr": "Confirma\u00e7\u00e3o de inclus\u00e3o no processo", "object_id": "4", "change_message": "", "user": 1, "content_type": 15}}, {"pk": 123, "model": "admin.logentry", "fields": {"action_flag": 1, "action_time": "2011-02-01 17:40:18", "object_repr": "Confirma\u00e7\u00e3o de Recebimento de fasc\u00edculos", "object_id": "3", "change_message": "", "user": 1, "content_type": 15}}, {"pk": 122, "model": "admin.logentry", "fields": {"action_flag": 1, "action_time": "2011-02-01 17:40:00", "object_repr": "Confirma\u00e7\u00e3o de Recebimento de recurso", "object_id": "2", "change_message": "", "user": 1, "content_type": 15}}, {"pk": 121, "model": "admin.logentry", "fields": {"action_flag": 1, "action_time": "2011-02-01 17:39:51", "object_repr": "Confirma\u00e7\u00e3o de Recebimento de arquivos", "object_id": "1", "change_message": "", "user": 1, "content_type": 15}}, {"pk": 120, "model": "admin.logentry", "fields": {"action_flag": 1, "action_time": "2011-02-01 17:35:51", "object_repr": "Avalia\u00e7\u00e3o por \u00e1rea tem\u00e1tica", "object_id": "2", "change_message": "", "user": 1, "content_type": 14}}, {"pk": 119, "model": "admin.logentry", "fields": {"action_flag": 1, "action_time": "2011-02-01 17:35:48", "object_repr": "Avalia\u00e7\u00e3o para inclus\u00e3o", "object_id": "1", "change_message": "", "user": 1, "content_type": 14}}, {"pk": 118, "model": "admin.logentry", "fields": {"action_flag": 1, "action_time": "2011-02-01 17:34:44", "object_repr": "/about/es/ -- Sobre", "object_id": "9", "change_message": "", "user": 1, "content_type": 9}}, {"pk": 117, "model": "admin.logentry", "fields": {"action_flag": 1, "action_time": "2011-02-01 17:33:35", "object_repr": "/about/en/ -- About", "object_id": "8", "change_message": "", "user": 1, "content_type": 9}}, {"pk": 116, "model": "admin.logentry", "fields": {"action_flag": 2, "action_time": "2011-02-01 17:33:15", "object_repr": "/about/pt/ -- Sobre", "object_id": "7", "change_message": "Changed title and content.", "user": 1, "content_type": 9}}, {"pk": 115, "model": "admin.logentry", "fields": {"action_flag": 1, "action_time": "2011-02-01 17:32:29", "object_repr": "/about/pt/ -- About", "object_id": "7", "change_message": "", "user": 1, "content_type": 9}}, {"pk": 111, "model": "admin.logentry", "fields": {"action_flag": 3, "action_time": "2011-02-01 17:27:27", "object_repr": "fabio", "object_id": "30", "change_message": "", "user": 1, "content_type": 3}}, {"pk": 112, "model": "admin.logentry", "fields": {"action_flag": 3, "action_time": "2011-02-01 17:27:27", "object_repr": "jamil", "object_id": "29", "change_message": "", "user": 1, "content_type": 3}}, {"pk": 113, "model": "admin.logentry", "fields": {"action_flag": 3, "action_time": "2011-02-01 17:27:27", "object_repr": "test1", "object_id": "27", "change_message": "", "user": 1, "content_type": 3}}, {"pk": 114, "model": "admin.logentry", "fields": {"action_flag": 3, "action_time": "2011-02-01 17:27:27", "object_repr": "Teste", "object_id": "28", "change_message": "", "user": 1, "content_type": 3}}, {"pk": 108, "model": "admin.logentry", "fields": {"action_flag": 3, "action_time": "2011-02-01 17:27:17", "object_repr": "/about/ -- About", "object_id": "5", "change_message": "", "user": 1, "content_type": 9}}, {"pk": 109, "model": "admin.logentry", "fields": {"action_flag": 3, "action_time": "2011-02-01 17:27:17", "object_repr": "/jamil/ -- jaskjdkajsk", "object_id": "6", "change_message": "", "user": 1, "content_type": 9}}, {"pk": 110, "model": "admin.logentry", "fields": {"action_flag": 3, "action_time": "2011-02-01 17:27:17", "object_repr": "/test -- Teste", "object_id": "3", "change_message": "", "user": 1, "content_type": 9}}, {"pk": 107, "model": "admin.logentry", "fields": {"action_flag": 2, "action_time": "2011-02-01 17:16:54", "object_repr": "9", "object_id": "9", "change_message": "Changed status.", "user": 1, "content_type": 11}}, {"pk": 106, "model": "admin.logentry", "fields": {"action_flag": 1, "action_time": "2011-02-01 17:16:35", "object_repr": "Aguardando envio de Documento", "object_id": "2", "change_message": "", "user": 1, "content_type": 16}}, {"pk": 104, "model": "admin.logentry", "fields": {"action_flag": 3, "action_time": "2011-02-01 16:44:00", "object_repr": "Journal Title", "object_id": "2", "change_message": "", "user": 1, "content_type": 10}}, {"pk": 105, "model": "admin.logentry", "fields": {"action_flag": 3, "action_time": "2011-02-01 16:44:00", "object_repr": "Revista brasileira de Cirurgia Ortognastica", "object_id": "1", "change_message": "", "user": 1, "content_type": 10}}, {"pk": 103, "model": "admin.logentry", "fields": {"action_flag": 1, "action_time": "2011-02-01 16:31:16", "object_repr": "Null", "object_id": "1", "change_message": "", "user": 1, "content_type": 16}}, {"pk": 102, "model": "admin.logentry", "fields": {"action_flag": 2, "action_time": "2011-02-01 16:27:19", "object_repr": "Confirma\u00e7\u00e3o de Rcebimento de arquivos", "object_id": "1", "change_message": "No fields changed.", "user": 1, "content_type": 15}}, {"pk": 101, "model": "admin.logentry", "fields": {"action_flag": 1, "action_time": "2011-02-01 16:27:18", "object_repr": "Confirma\u00e7\u00e3o de Rcebimento de arquivos", "object_id": "1", "change_message": "", "user": 1, "content_type": 15}}, {"pk": 100, "model": "admin.logentry", "fields": {"action_flag": 1, "action_time": "2011-02-01 16:27:05", "object_repr": "Avalia\u00e7\u00e3o por \u00e1rea tem\u00e1tica", "object_id": "2", "change_message": "", "user": 1, "content_type": 14}}, {"pk": 99, "model": "admin.logentry", "fields": {"action_flag": 1, "action_time": "2011-02-01 16:27:02", "object_repr": "Avalia\u00e7\u00e3o para inclus\u00e3o", "object_id": "1", "change_message": "", "user": 1, "content_type": 14}}, {"pk": 98, "model": "admin.logentry", "fields": {"action_flag": 2, "action_time": "2011-02-01 16:04:46", "object_repr": "Null", "object_id": "1", "change_message": "No fields changed.", "user": 1, "content_type": 16}}, {"pk": 97, "model": "admin.logentry", "fields": {"action_flag": 1, "action_time": "2011-02-01 16:04:41", "object_repr": "Null", "object_id": "1", "change_message": "", "user": 1, "content_type": 16}}, {"pk": 96, "model": "admin.logentry", "fields": {"action_flag": 1, "action_time": "2011-02-01 15:51:04", "object_repr": "Confirma\u00e7\u00e3o de Rcebimento de arquivos", "object_id": "1", "change_message": "", "user": 1, "content_type": 15}}, {"pk": 95, "model": "admin.logentry", "fields": {"action_flag": 1, "action_time": "2011-02-01 15:49:40", "object_repr": "Avalia\u00e7\u00e3o por \u00e1rea tem\u00e1tica", "object_id": "2", "change_message": "", "user": 1, "content_type": 14}}, {"pk": 94, "model": "admin.logentry", "fields": {"action_flag": 1, "action_time": "2011-02-01 15:49:37", "object_repr": "Avalia\u00e7\u00e3o para inclus\u00e3o", "object_id": "1", "change_message": "", "user": 1, "content_type": 14}}, {"pk": 93, "model": "admin.logentry", "fields": {"action_flag": 1, "action_time": "2011-02-01 13:59:02", "object_repr": "Nome da \u00e1rea - Outros", "object_id": "24", "change_message": "", "user": 1, "content_type": 15}}, {"pk": 92, "model": "admin.logentry", "fields": {"action_flag": 1, "action_time": "2011-02-01 13:58:53", "object_repr": "Nome da \u00e1rea - informa\u00e7\u00e3o sobre a divulga\u00e7\u00e3o dos resultados", "object_id": "23", "change_message": "", "user": 1, "content_type": 15}}, {"pk": 91, "model": "admin.logentry", "fields": {"action_flag": 1, "action_time": "2011-02-01 13:58:27", "object_repr": "Nome da \u00e1rea - solicita\u00e7\u00e3o de esclarecimento de d\u00favidas", "object_id": "22", "change_message": "", "user": 1, "content_type": 15}}, {"pk": 90, "model": "admin.logentry", "fields": {"action_flag": 1, "action_time": "2011-02-01 13:58:06", "object_repr": "Nome da \u00e1rea - solicita\u00e7\u00e3o de complementa\u00e7\u00e3o ou corre\u00e7\u00e3o de informa\u00e7\u00e3o", "object_id": "21", "change_message": "", "user": 1, "content_type": 15}}, {"pk": 89, "model": "admin.logentry", "fields": {"action_flag": 1, "action_time": "2011-02-01 13:57:38", "object_repr": "Nome da \u00e1rea - solicita\u00e7\u00e3o de fasc\u00edculos", "object_id": "20", "change_message": "", "user": 1, "content_type": 15}}, {"pk": 88, "model": "admin.logentry", "fields": {"action_flag": 1, "action_time": "2011-02-01 13:57:19", "object_repr": "Nome da \u00e1rea - solicita\u00e7\u00e3o de arquivo(s) faltante(s)", "object_id": "19", "change_message": "", "user": 1, "content_type": 15}}, {"pk": 87, "model": "admin.logentry", "fields": {"action_flag": 1, "action_time": "2011-02-01 13:56:51", "object_repr": "Nome da \u00e1rea - confirma\u00e7\u00e3o de inclus\u00e3o no processo", "object_id": "18", "change_message": "", "user": 1, "content_type": 15}}, {"pk": 86, "model": "admin.logentry", "fields": {"action_flag": 1, "action_time": "2011-02-01 13:56:28", "object_repr": "Nome da \u00e1rea - confirma\u00e7\u00e3o de recebimento de fasc\u00edculos", "object_id": "17", "change_message": "", "user": 1, "content_type": 15}}, {"pk": 85, "model": "admin.logentry", "fields": {"action_flag": 1, "action_time": "2011-02-01 13:56:05", "object_repr": "Nome da \u00e1rea - confirma\u00e7\u00e3o de recebimento de arquivos ", "object_id": "16", "change_message": "", "user": 1, "content_type": 15}}, {"pk": 84, "model": "admin.logentry", "fields": {"action_flag": 1, "action_time": "2011-02-01 13:55:41", "object_repr": "nome da \u00e1rea - resultado do processo", "object_id": "15", "change_message": "", "user": 1, "content_type": 15}}, {"pk": 83, "model": "admin.logentry", "fields": {"action_flag": 1, "action_time": "2011-02-01 13:55:18", "object_repr": "Nome da \u00e1rea - segunda etapa", "object_id": "14", "change_message": "", "user": 1, "content_type": 15}}, {"pk": 82, "model": "admin.logentry", "fields": {"action_flag": 1, "action_time": "2011-01-28 17:02:12", "object_repr": "Outros", "object_id": "13", "change_message": "", "user": 1, "content_type": 15}}, {"pk": 81, "model": "admin.logentry", "fields": {"action_flag": 1, "action_time": "2011-01-28 17:02:07", "object_repr": "Resultados do processo", "object_id": "12", "change_message": "", "user": 1, "content_type": 15}}, {"pk": 80, "model": "admin.logentry", "fields": {"action_flag": 1, "action_time": "2011-01-28 17:01:35", "object_repr": "Informa\u00e7\u00f5es sobre a divulga\u00e7\u00e3o dos resultados", "object_id": "11", "change_message": "", "user": 1, "content_type": 15}}, {"pk": 79, "model": "admin.logentry", "fields": {"action_flag": 1, "action_time": "2011-01-28 17:01:14", "object_repr": "Solicita\u00e7\u00e3o de esclarecimento de d\u00favidas", "object_id": "10", "change_message": "", "user": 1, "content_type": 15}}, {"pk": 78, "model": "admin.logentry", "fields": {"action_flag": 1, "action_time": "2011-01-28 17:00:45", "object_repr": "Solicita\u00e7\u00e3o de atualiza\u00e7\u00e3o de dados do formul\u00e1rio de avalia\u00e7\u00e3o", "object_id": "9", "change_message": "", "user": 1, "content_type": 15}}, {"pk": 77, "model": "admin.logentry", "fields": {"action_flag": 1, "action_time": "2011-01-28 17:00:03", "object_repr": "Solicita\u00e7\u00e3o de complementa\u00e7\u00e3o ou corre\u00e7\u00e3o de informa\u00e7\u00e3o", "object_id": "8", "change_message": "", "user": 1, "content_type": 15}}, {"pk": 76, "model": "admin.logentry", "fields": {"action_flag": 1, "action_time": "2011-01-28 16:59:33", "object_repr": "Solicita\u00e7\u00e3o de fasc\u00edculos", "object_id": "7", "change_message": "", "user": 1, "content_type": 15}}, {"pk": 75, "model": "admin.logentry", "fields": {"action_flag": 1, "action_time": "2011-01-28 16:59:02", "object_repr": "Solicita\u00e7\u00e3o de arquivo(s) faltante(s)", "object_id": "6", "change_message": "", "user": 1, "content_type": 15}}, {"pk": 74, "model": "admin.logentry", "fields": {"action_flag": 1, "action_time": "2011-01-28 16:58:37", "object_repr": "Confirma\u00e7\u00e3o de inclus\u00e3o no processo", "object_id": "5", "change_message": "", "user": 1, "content_type": 15}}, {"pk": 73, "model": "admin.logentry", "fields": {"action_flag": 1, "action_time": "2011-01-28 16:58:14", "object_repr": "Confirma\u00e7\u00e3o de recebimento de fasc\u00edculos", "object_id": "4", "change_message": "", "user": 1, "content_type": 15}}, {"pk": 72, "model": "admin.logentry", "fields": {"action_flag": 1, "action_time": "2011-01-28 16:44:35", "object_repr": "Confirma\u00e7\u00e3o de recebimento recurso", "object_id": "3", "change_message": "", "user": 1, "content_type": 15}}, {"pk": 71, "model": "admin.logentry", "fields": {"action_flag": 1, "action_time": "2011-01-28 16:05:36", "object_repr": "Context object", "object_id": "2", "change_message": "", "user": 1, "content_type": 15}}, {"pk": 70, "model": "admin.logentry", "fields": {"action_flag": 1, "action_time": "2011-01-28 16:05:14", "object_repr": "Context object", "object_id": "1", "change_message": "", "user": 1, "content_type": 15}}, {"pk": 69, "model": "admin.logentry", "fields": {"action_flag": 1, "action_time": "2011-01-28 16:04:41", "object_repr": "Avalia\u00e7\u00e3o por \u00e1rea tem\u00e1tica", "object_id": "2", "change_message": "", "user": 1, "content_type": 14}}, {"pk": 68, "model": "admin.logentry", "fields": {"action_flag": 1, "action_time": "2011-01-28 16:04:37", "object_repr": "Avalia\u00e7\u00e3o para inclus\u00e3o", "object_id": "1", "change_message": "", "user": 1, "content_type": 14}}, {"pk": 67, "model": "admin.logentry", "fields": {"action_flag": 1, "action_time": "2011-01-28 13:31:38", "object_repr": "Avalia\u00e7\u00e3o por \u00e1rea tem\u00e1tica", "object_id": "2", "change_message": "", "user": 1, "content_type": 14}}, {"pk": 66, "model": "admin.logentry", "fields": {"action_flag": 1, "action_time": "2011-01-28 13:31:34", "object_repr": "Avalia\u00e7\u00e3o para inclus\u00e3o", "object_id": "1", "change_message": "", "user": 1, "content_type": 14}}, {"pk": 65, "model": "admin.logentry", "fields": {"action_flag": 1, "action_time": "2011-01-28 13:24:05", "object_repr": "Type object", "object_id": "2", "change_message": "", "user": 1, "content_type": 14}}, {"pk": 64, "model": "admin.logentry", "fields": {"action_flag": 2, "action_time": "2011-01-28 13:23:48", "object_repr": "Type object", "object_id": "1", "change_message": "Nenhum campo modificado.", "user": 1, "content_type": 14}}, {"pk": 63, "model": "admin.logentry", "fields": {"action_flag": 1, "action_time": "2011-01-28 13:23:46", "object_repr": "Type object", "object_id": "1", "change_message": "", "user": 1, "content_type": 14}}, {"pk": 62, "model": "admin.logentry", "fields": {"action_flag": 2, "action_time": "2011-01-28 10:31:48", "object_repr": "request_evaluation", "object_id": "2", "change_message": "No fields changed.", "user": 1, "content_type": 10}}, {"pk": 61, "model": "admin.logentry", "fields": {"action_flag": 1, "action_time": "2011-01-28 10:31:45", "object_repr": "request_evaluation", "object_id": "2", "change_message": "", "user": 1, "content_type": 10}}, {"pk": 60, "model": "admin.logentry", "fields": {"action_flag": 3, "action_time": "2011-01-28 10:20:27", "object_repr": "Registration information for test1", "object_id": "26", "change_message": "", "user": 1, "content_type": 13}}, {"pk": 59, "model": "admin.logentry", "fields": {"action_flag": 3, "action_time": "2011-01-28 10:20:23", "object_repr": "Registration information for Teste", "object_id": "27", "change_message": "", "user": 1, "content_type": 13}}, {"pk": 58, "model": "admin.logentry", "fields": {"action_flag": 1, "action_time": "2011-01-14 18:02:39", "object_repr": "/jamil/ -- jaskjdkajsk", "object_id": "6", "change_message": "", "user": 1, "content_type": 9}}, {"pk": 57, "model": "admin.logentry", "fields": {"action_flag": 2, "action_time": "2011-01-14 18:00:44", "object_repr": "/about/ -- About", "object_id": "5", "change_message": "Modificado url.", "user": 1, "content_type": 9}}, {"pk": 56, "model": "admin.logentry", "fields": {"action_flag": 1, "action_time": "2011-01-14 17:40:55", "object_repr": "/about -- About", "object_id": "5", "change_message": "", "user": 1, "content_type": 9}}, {"pk": 55, "model": "admin.logentry", "fields": {"action_flag": 3, "action_time": "2011-01-14 17:20:06", "object_repr": "teste -- tesastert", "object_id": "4", "change_message": "", "user": 1, "content_type": 9}}, {"pk": 54, "model": "admin.logentry", "fields": {"action_flag": 1, "action_time": "2011-01-14 17:19:40", "object_repr": "teste -- tesastert", "object_id": "4", "change_message": "", "user": 1, "content_type": 9}}, {"pk": 53, "model": "admin.logentry", "fields": {"action_flag": 2, "action_time": "2011-01-14 17:16:40", "object_repr": "/test -- Teste", "object_id": "3", "change_message": "No fields changed.", "user": 1, "content_type": 9}}, {"pk": 52, "model": "admin.logentry", "fields": {"action_flag": 2, "action_time": "2011-01-14 17:16:39", "object_repr": "/test -- Teste", "object_id": "3", "change_message": "No fields changed.", "user": 1, "content_type": 9}}, {"pk": 51, "model": "admin.logentry", "fields": {"action_flag": 1, "action_time": "2011-01-14 17:13:31", "object_repr": "/test -- Teste", "object_id": "3", "change_message": "", "user": 1, "content_type": 9}}, {"pk": 49, "model": "admin.logentry", "fields": {"action_flag": 3, "action_time": "2011-01-14 17:07:56", "object_repr": "/new/jamil -- Opa", "object_id": "1", "change_message": "", "user": 1, "content_type": 9}}, {"pk": 50, "model": "admin.logentry", "fields": {"action_flag": 3, "action_time": "2011-01-14 17:07:56", "object_repr": "Teste -- /about/", "object_id": "2", "change_message": "", "user": 1, "content_type": 9}}, {"pk": 48, "model": "admin.logentry", "fields": {"action_flag": 2, "action_time": "2011-01-14 17:05:47", "object_repr": "Teste -- /about/", "object_id": "2", "change_message": "No fields changed.", "user": 1, "content_type": 9}}, {"pk": 47, "model": "admin.logentry", "fields": {"action_flag": 2, "action_time": "2011-01-14 16:48:14", "object_repr": "evaluation", "object_id": "1", "change_message": "No fields changed.", "user": 1, "content_type": 7}}, {"pk": 46, "model": "admin.logentry", "fields": {"action_flag": 2, "action_time": "2011-01-14 16:48:12", "object_repr": "evaluation", "object_id": "1", "change_message": "No fields changed.", "user": 1, "content_type": 7}}, {"pk": 45, "model": "admin.logentry", "fields": {"action_flag": 2, "action_time": "2011-01-14 16:47:32", "object_repr": "evaluation", "object_id": "1", "change_message": "Changed domain.", "user": 1, "content_type": 7}}, {"pk": 44, "model": "admin.logentry", "fields": {"action_flag": 2, "action_time": "2011-01-14 16:47:06", "object_repr": "Teste -- /about/", "object_id": "2", "change_message": "No fields changed.", "user": 1, "content_type": 9}}, {"pk": 43, "model": "admin.logentry", "fields": {"action_flag": 2, "action_time": "2011-01-14 16:44:01", "object_repr": "Teste -- /about/", "object_id": "2", "change_message": "Changed sites.", "user": 1, "content_type": 9}}, {"pk": 42, "model": "admin.logentry", "fields": {"action_flag": 2, "action_time": "2011-01-14 16:41:50", "object_repr": "/new/jamil -- Opa", "object_id": "1", "change_message": "No fields changed.", "user": 1, "content_type": 9}}, {"pk": 41, "model": "admin.logentry", "fields": {"action_flag": 2, "action_time": "2011-01-14 16:41:45", "object_repr": "/new/jamil -- Opa", "object_id": "1", "change_message": "No fields changed.", "user": 1, "content_type": 9}}, {"pk": 40, "model": "admin.logentry", "fields": {"action_flag": 3, "action_time": "2011-01-14 16:41:35", "object_repr": "evaluation", "object_id": "2", "change_message": "", "user": 1, "content_type": 7}}, {"pk": 39, "model": "admin.logentry", "fields": {"action_flag": 1, "action_time": "2011-01-14 16:31:13", "object_repr": "Teste -- /about/", "object_id": "2", "change_message": "", "user": 1, "content_type": 9}}, {"pk": 38, "model": "admin.logentry", "fields": {"action_flag": 2, "action_time": "2011-01-14 16:03:09", "object_repr": "/new/jamil -- Opa", "object_id": "1", "change_message": "No fields changed.", "user": 1, "content_type": 9}}, {"pk": 37, "model": "admin.logentry", "fields": {"action_flag": 2, "action_time": "2011-01-14 16:03:06", "object_repr": "/new/jamil -- Opa", "object_id": "1", "change_message": "No fields changed.", "user": 1, "content_type": 9}}, {"pk": 36, "model": "admin.logentry", "fields": {"action_flag": 2, "action_time": "2011-01-14 15:57:51", "object_repr": "/new/jamil -- Opa", "object_id": "1", "change_message": "No fields changed.", "user": 1, "content_type": 9}}, {"pk": 35, "model": "admin.logentry", "fields": {"action_flag": 1, "action_time": "2011-01-14 15:52:17", "object_repr": "/new/jamil -- Opa", "object_id": "1", "change_message": "", "user": 1, "content_type": 9}}, {"pk": 34, "model": "admin.logentry", "fields": {"action_flag": 1, "action_time": "2011-01-14 15:52:15", "object_repr": "evaluation", "object_id": "2", "change_message": "", "user": 1, "content_type": 7}}, {"pk": 33, "model": "admin.logentry", "fields": {"action_flag": 3, "action_time": "2011-01-12 10:22:20", "object_repr": "test1", "object_id": "26", "change_message": "", "user": 1, "content_type": 3}}, {"pk": 32, "model": "admin.logentry", "fields": {"action_flag": 3, "action_time": "2011-01-11 18:24:59", "object_repr": "test1", "object_id": "25", "change_message": "", "user": 1, "content_type": 3}}, {"pk": 31, "model": "admin.logentry", "fields": {"action_flag": 2, "action_time": "2011-01-11 18:24:50", "object_repr": "localhost:8000", "object_id": "1", "change_message": "Modificado domain.", "user": 1, "content_type": 7}}, {"pk": 30, "model": "admin.logentry", "fields": {"action_flag": 3, "action_time": "2011-01-11 18:23:28", "object_repr": "test1", "object_id": "24", "change_message": "", "user": 1, "content_type": 3}}, {"pk": 29, "model": "admin.logentry", "fields": {"action_flag": 3, "action_time": "2011-01-11 18:20:47", "object_repr": "Test1", "object_id": "23", "change_message": "", "user": 1, "content_type": 3}}, {"pk": 28, "model": "admin.logentry", "fields": {"action_flag": 3, "action_time": "2011-01-11 18:17:10", "object_repr": "Test1", "object_id": "22", "change_message": "", "user": 1, "content_type": 3}}, {"pk": 27, "model": "admin.logentry", "fields": {"action_flag": 2, "action_time": "2011-01-11 17:32:53", "object_repr": "localhost", "object_id": "1", "change_message": "Modificado domain.", "user": 1, "content_type": 7}}, {"pk": 26, "model": "admin.logentry", "fields": {"action_flag": 3, "action_time": "2011-01-11 15:41:45", "object_repr": "test1", "object_id": "21", "change_message": "", "user": 1, "content_type": 3}}, {"pk": 25, "model": "admin.logentry", "fields": {"action_flag": 3, "action_time": "2011-01-11 15:39:34", "object_repr": "test1", "object_id": "20", "change_message": "", "user": 1, "content_type": 3}}, {"pk": 24, "model": "admin.logentry", "fields": {"action_flag": 3, "action_time": "2011-01-11 15:36:53", "object_repr": "test1", "object_id": "19", "change_message": "", "user": 1, "content_type": 3}}, {"pk": 23, "model": "admin.logentry", "fields": {"action_flag": 3, "action_time": "2011-01-11 15:34:24", "object_repr": "test1", "object_id": "18", "change_message": "", "user": 1, "content_type": 3}}, {"pk": 22, "model": "admin.logentry", "fields": {"action_flag": 3, "action_time": "2011-01-11 15:32:47", "object_repr": "test1", "object_id": "17", "change_message": "", "user": 1, "content_type": 3}}, {"pk": 21, "model": "admin.logentry", "fields": {"action_flag": 3, "action_time": "2011-01-11 13:23:33", "object_repr": "test1", "object_id": "16", "change_message": "", "user": 1, "content_type": 3}}, {"pk": 20, "model": "admin.logentry", "fields": {"action_flag": 3, "action_time": "2011-01-11 13:21:56", "object_repr": "test1", "object_id": "15", "change_message": "", "user": 1, "content_type": 3}}, {"pk": 19, "model": "admin.logentry", "fields": {"action_flag": 3, "action_time": "2011-01-11 13:21:02", "object_repr": "test1", "object_id": "14", "change_message": "", "user": 1, "content_type": 3}}, {"pk": 18, "model": "admin.logentry", "fields": {"action_flag": 3, "action_time": "2011-01-11 13:20:37", "object_repr": "test3", "object_id": "13", "change_message": "", "user": 1, "content_type": 3}}, {"pk": 17, "model": "admin.logentry", "fields": {"action_flag": 3, "action_time": "2011-01-11 13:18:43", "object_repr": "test3", "object_id": "12", "change_message": "", "user": 1, "content_type": 3}}, {"pk": 16, "model": "admin.logentry", "fields": {"action_flag": 3, "action_time": "2011-01-11 13:13:03", "object_repr": "test1", "object_id": "11", "change_message": "", "user": 1, "content_type": 3}}, {"pk": 15, "model": "admin.logentry", "fields": {"action_flag": 3, "action_time": "2011-01-11 12:32:03", "object_repr": "test3", "object_id": "10", "change_message": "", "user": 1, "content_type": 3}}, {"pk": 13, "model": "admin.logentry", "fields": {"action_flag": 3, "action_time": "2011-01-10 20:18:00", "object_repr": "test1", "object_id": "8", "change_message": "", "user": 1, "content_type": 3}}, {"pk": 14, "model": "admin.logentry", "fields": {"action_flag": 3, "action_time": "2011-01-10 20:18:00", "object_repr": "test2", "object_id": "9", "change_message": "", "user": 1, "content_type": 3}}, {"pk": 12, "model": "admin.logentry", "fields": {"action_flag": 2, "action_time": "2011-01-10 20:00:14", "object_repr": "scielo.evaluation", "object_id": "1", "change_message": "Modificado domain.", "user": 1, "content_type": 7}}, {"pk": 11, "model": "admin.logentry", "fields": {"action_flag": 3, "action_time": "2011-01-10 19:59:03", "object_repr": "test1", "object_id": "7", "change_message": "", "user": 1, "content_type": 3}}, {"pk": 10, "model": "admin.logentry", "fields": {"action_flag": 2, "action_time": "2011-01-10 19:58:45", "object_repr": "scieo.evaluation", "object_id": "1", "change_message": "Modificado domain e name.", "user": 1, "content_type": 7}}, {"pk": 8, "model": "admin.logentry", "fields": {"action_flag": 3, "action_time": "2011-01-10 19:40:00", "object_repr": "test1", "object_id": "5", "change_message": "", "user": 1, "content_type": 3}}, {"pk": 9, "model": "admin.logentry", "fields": {"action_flag": 3, "action_time": "2011-01-10 19:40:00", "object_repr": "test2", "object_id": "6", "change_message": "", "user": 1, "content_type": 3}}, {"pk": 7, "model": "admin.logentry", "fields": {"action_flag": 3, "action_time": "2011-01-10 19:31:24", "object_repr": "test", "object_id": "4", "change_message": "", "user": 1, "content_type": 3}}, {"pk": 5, "model": "admin.logentry", "fields": {"action_flag": 3, "action_time": "2011-01-10 19:15:40", "object_repr": "jamil", "object_id": "2", "change_message": "", "user": 1, "content_type": 3}}, {"pk": 6, "model": "admin.logentry", "fields": {"action_flag": 3, "action_time": "2011-01-10 19:15:40", "object_repr": "test1", "object_id": "3", "change_message": "", "user": 1, "content_type": 3}}, {"pk": 4, "model": "admin.logentry", "fields": {"action_flag": 2, "action_time": "2011-01-10 16:45:46", "object_repr": "47", "object_id": "47", "change_message": "Adicionado media \"Media object\"", "user": 1, "content_type": 11}}, {"pk": 3, "model": "admin.logentry", "fields": {"action_flag": 2, "action_time": "2011-01-10 16:43:47", "object_repr": "47", "object_id": "47", "change_message": "Adicionado media \"Media object\"", "user": 1, "content_type": 11}}, {"pk": 2, "model": "admin.logentry", "fields": {"action_flag": 2, "action_time": "2011-01-10 16:43:30", "object_repr": "39", "object_id": "39", "change_message": "Adicionado media \"Media object\"", "user": 1, "content_type": 11}}, {"pk": 1, "model": "admin.logentry", "fields": {"action_flag": 2, "action_time": "2011-01-07 18:32:25", "object_repr": "Media object", "object_id": "8", "change_message": "Modificado file.", "user": 1, "content_type": 12}}, {"pk": 8, "model": "flatpages.flatpage", "fields": {"registration_required": false, "title": "About", "url": "/about/en/", "template_name": "", "sites": [1], "content": "About in Inglish", "enable_comments": false}}, {"pk": 9, "model": "flatpages.flatpage", "fields": {"registration_required": false, "title": "Sobre", "url": "/about/es/", "template_name": "", "sites": [1], "content": "Sobre en el espa\u00f1ol", "enable_comments": false}}, {"pk": 7, "model": "flatpages.flatpage", "fields": {"registration_required": false, "title": "Sobre", "url": "/about/pt/", "template_name": "", "sites": [1], "content": "Sobre em portugu\u00eas", "enable_comments": false}}, {"pk": 1, "model": "tickets.type", "fields": {"type_name": "Avalia\u00e7\u00e3o para inclus\u00e3o"}}, {"pk": 2, "model": "tickets.type", "fields": {"type_name": "Avalia\u00e7\u00e3o por \u00e1rea tem\u00e1tica"}}, {"pk": 1, "model": "tickets.context", "fields": {"context_name": "Confirma\u00e7\u00e3o de Recebimento de arquivos", "type": 1}}, {"pk": 2, "model": "tickets.context", "fields": {"context_name": "Confirma\u00e7\u00e3o de Recebimento de recurso", "type": 1}}, {"pk": 3, "model": "tickets.context", "fields": {"context_name": "Confirma\u00e7\u00e3o de Recebimento de fasc\u00edculos", "type": 1}}, {"pk": 4, "model": "tickets.context", "fields": {"context_name": "Confirma\u00e7\u00e3o de inclus\u00e3o no processo", "type": 1}}, {"pk": 5, "model": "tickets.context", "fields": {"context_name": "Solicita\u00e7\u00e3o de arquivo(s) faltante(s)", "type": 1}}, {"pk": 6, "model": "tickets.context", "fields": {"context_name": "Solicita\u00e7\u00e3o de fasc\u00edculos", "type": 1}}, {"pk": 7, "model": "tickets.context", "fields": {"context_name": "Solicita\u00e7\u00e3o de complementa\u00e7\u00e3o ou corre\u00e7\u00e3o de informa\u00e7\u00e3o", "type": 1}}, {"pk": 8, "model": "tickets.context", "fields": {"context_name": "Solicita\u00e7\u00e3o de atualiza\u00e7\u00e3o de dados do formul\u00e1rio de avalia\u00e7\u00e3o", "type": 1}}, {"pk": 9, "model": "tickets.context", "fields": {"context_name": "Solicita\u00e7\u00e3o de esclarecimento de d\u00favidas", "type": 1}}, {"pk": 10, "model": "tickets.context", "fields": {"context_name": "Informa\u00e7\u00f5es sobre a divulga\u00e7\u00e3o dos resultados", "type": 1}}, {"pk": 11, "model": "tickets.context", "fields": {"context_name": "Resultados do processo", "type": 1}}, {"pk": 12, "model": "tickets.context", "fields": {"context_name": "Outros", "type": 1}}, {"pk": 13, "model": "tickets.context", "fields": {"context_name": "Nome da \u00e1rea - primeira etapa", "type": 2}}, {"pk": 14, "model": "tickets.context", "fields": {"context_name": "Nome da \u00e1rea - segunda etapa", "type": 2}}, {"pk": 15, "model": "tickets.context", "fields": {"context_name": "Nome da \u00e1rea - resultado do processo", "type": 2}}, {"pk": 16, "model": "tickets.context", "fields": {"context_name": "Nome da \u00e1rea - confirma\u00e7\u00e3o de recebimento de arquivos", "type": 2}}, {"pk": 17, "model": "tickets.context", "fields": {"context_name": "Nome da \u00e1rea - confirma\u00e7\u00e3o de recebimento de fasc\u00edculos", "type": 2}}, {"pk": 18, "model": "tickets.context", "fields": {"context_name": "Nome da \u00e1rea - confirma\u00e7\u00e3o de inclus\u00e3o no processo", "type": 2}}, {"pk": 19, "model": "tickets.context", "fields": {"context_name": "Nome da \u00e1rea - solicita\u00e7\u00e3o de arquivo(s) faltante(s)", "type": 2}}, {"pk": 20, "model": "tickets.context", "fields": {"context_name": "Nome da \u00e1rea - solicita\u00e7\u00e3o de fasc\u00edculos", "type": 2}}, {"pk": 21, "model": "tickets.context", "fields": {"context_name": "Nome da \u00e1rea - solicita\u00e7\u00e3o de complementa\u00e7\u00e3o ou corre\u00e7\u00e3o de informa\u00e7\u00e3o", "type": 2}}, {"pk": 22, "model": "tickets.context", "fields": {"context_name": "Nome da \u00e1rea - solicita\u00e7\u00e3o de esclarecimento de d\u00favidas", "type": 2}}, {"pk": 23, "model": "tickets.context", "fields": {"context_name": "Nome da \u00e1rea - informa\u00e7\u00e3o sobre a divulga\u00e7\u00e3o dos resultados", "type": 2}}, {"pk": 24, "model": "tickets.context", "fields": {"context_name": "Outros", "type": 2}}, {"pk": 1, "model": "tickets.status", "fields": {"type": 1, "status_name": "Aguardando envio de Documento"}}, {"pk": 2, "model": "tickets.status", "fields": {"type": 1, "status_name": "Em processo de avalia\u00e7\u00e3o"}}, {"pk": 3, "model": "tickets.status", "fields": {"type": 1, "status_name": "Aprovado para inclus\u00e3o na Cole\u00e7\u00e3o SciELO Brasil"}}, {"pk": 4, "model": "tickets.status", "fields": {"type": 1, "status_name": "Aprovado com restri\u00e7\u00f5es para inclus\u00e3o na Cole\u00e7\u00e3o SciELO Brasil"}}, {"pk": 5, "model": "tickets.status", "fields": {"type": 1, "status_name": "Aprovado sob condi\u00e7\u00f5es para inclus\u00e3o na Cole\u00e7\u00e3o SciELO Brasil"}}, {"pk": 6, "model": "tickets.status", "fields": {"type": 1, "status_name": "Aprovado para avalia\u00e7\u00e3o de m\u00e9rido cient\u00edfico pelos menbros do Comit\u00ea Consultivo"}}, {"pk": 7, "model": "tickets.status", "fields": {"type": 1, "status_name": "Aprovado para avalia\u00e7\u00e3o de m\u00e9rito cient\u00edfico por formato e endogenia"}}, {"pk": 8, "model": "tickets.status", "fields": {"type": 1, "status_name": "Encaminhada para a avalia\u00e7\u00e3o de m\u00e9rito cient\u00edfico por recurso"}}, {"pk": 9, "model": "tickets.status", "fields": {"type": 1, "status_name": "pendente para a avalia\u00e7\u00e3o de m\u00e9rito cient\u00edfico complementar"}}, {"pk": 10, "model": "tickets.status", "fields": {"type": 1, "status_name": "Pendente para avalia\u00e7\u00e3o complementar do comit\u00ea Consultivo"}}, {"pk": 11, "model": "tickets.status", "fields": {"type": 1, "status_name": "Recurso pendente para a avalia\u00e7\u00e3o complementar do comit\u00ea Consultivo"}}, {"pk": 12, "model": "tickets.status", "fields": {"type": 1, "status_name": "Reprovado pelos menbros do Comit\u00ea Consultivo"}}, {"pk": 13, "model": "tickets.status", "fields": {"type": 1, "status_name": "Reprovado na pr\u00e9-etapa de avalia\u00e7\u00e3o"}}, {"pk": 14, "model": "tickets.status", "fields": {"type": 1, "status_name": "Reprovado na avalia\u00e7\u00e3o de formato e endogeniia e pelos menbros do comit\u00ea Consultivo"}}, {"pk": 15, "model": "tickets.status", "fields": {"type": 2, "status_name": "Aguardando envio de Documento"}}, {"pk": 16, "model": "tickets.status", "fields": {"type": 2, "status_name": "Em processo de avalia\u00e7\u00e3o de \u00e1rea"}}, {"pk": 17, "model": "tickets.status", "fields": {"type": 2, "status_name": "Aprovado na avalia\u00e7\u00e3o de \u00e1rea para inclus\u00e3o na Cole\u00e7\u00e3o SciELO Brasil"}}, {"pk": 18, "model": "tickets.status", "fields": {"type": 2, "status_name": "Aprovado com restri\u00e7\u00f5es na avalia\u00e7\u00e3o de \u00e1rea para inclus\u00e3o na Cole\u00e7\u00e3o SciELO Brasil"}}, {"pk": 19, "model": "tickets.status", "fields": {"type": 2, "status_name": "Aprovado sob condi\u00e7\u00f5es na avalia\u00e7\u00e3o de \u00e1rea para inclus\u00e3o na Cole\u00e7\u00e3o SciELO Brasil"}}, {"pk": 20, "model": "tickets.status", "fields": {"type": 2, "status_name": "Pendente para finaliza\u00e7\u00e3o do processo de avalia\u00e7\u00e3o de \u00e1rea"}}, {"pk": 21, "model": "tickets.status", "fields": {"type": 2, "status_name": "Reprovado por falta de apresenta\u00e7\u00e3o de documenta\u00e7\u00e3o "}}, {"pk": 22, "model": "auth.permission", "fields": {"codename": "add_logentry", "name": "Can add log entry", "content_type": 8}}, {"pk": 23, "model": "auth.permission", "fields": {"codename": "change_logentry", "name": "Can change log entry", "content_type": 8}}, {"pk": 24, "model": "auth.permission", "fields": {"codename": "delete_logentry", "name": "Can delete log entry", "content_type": 8}}, {"pk": 4, "model": "auth.permission", "fields": {"codename": "add_group", "name": "Can add group", "content_type": 2}}, {"pk": 5, "model": "auth.permission", "fields": {"codename": "change_group", "name": "Can change group", "content_type": 2}}, {"pk": 6, "model": "auth.permission", "fields": {"codename": "delete_group", "name": "Can delete group", "content_type": 2}}, {"pk": 10, "model": "auth.permission", "fields": {"codename": "add_message", "name": "Can add message", "content_type": 4}}, {"pk": 11, "model": "auth.permission", "fields": {"codename": "change_message", "name": "Can change message", "content_type": 4}}, {"pk": 12, "model": "auth.permission", "fields": {"codename": "delete_message", "name": "Can delete message", "content_type": 4}}, {"pk": 1, "model": "auth.permission", "fields": {"codename": "add_permission", "name": "Can add permission", "content_type": 1}}, {"pk": 2, "model": "auth.permission", "fields": {"codename": "change_permission", "name": "Can change permission", "content_type": 1}}, {"pk": 3, "model": "auth.permission", "fields": {"codename": "delete_permission", "name": "Can delete permission", "content_type": 1}}, {"pk": 7, "model": "auth.permission", "fields": {"codename": "add_user", "name": "Can add user", "content_type": 3}}, {"pk": 8, "model": "auth.permission", "fields": {"codename": "change_user", "name": "Can change user", "content_type": 3}}, {"pk": 9, "model": "auth.permission", "fields": {"codename": "delete_user", "name": "Can delete user", "content_type": 3}}, {"pk": 13, "model": "auth.permission", "fields": {"codename": "add_contenttype", "name": "Can add content type", "content_type": 5}}, {"pk": 14, "model": "auth.permission", "fields": {"codename": "change_contenttype", "name": "Can change content type", "content_type": 5}}, {"pk": 15, "model": "auth.permission", "fields": {"codename": "delete_contenttype", "name": "Can delete content type", "content_type": 5}}, {"pk": 25, "model": "auth.permission", "fields": {"codename": "add_flatpage", "name": "Can add flat page", "content_type": 9}}, {"pk": 26, "model": "auth.permission", "fields": {"codename": "change_flatpage", "name": "Can change flat page", "content_type": 9}}, {"pk": 27, "model": "auth.permission", "fields": {"codename": "delete_flatpage", "name": "Can delete flat page", "content_type": 9}}, {"pk": 37, "model": "auth.permission", "fields": {"codename": "add_registrationprofile", "name": "Can add registration profile", "content_type": 13}}, {"pk": 38, "model": "auth.permission", "fields": {"codename": "change_registrationprofile", "name": "Can change registration profile", "content_type": 13}}, {"pk": 39, "model": "auth.permission", "fields": {"codename": "delete_registrationprofile", "name": "Can delete registration profile", "content_type": 13}}, {"pk": 16, "model": "auth.permission", "fields": {"codename": "add_session", "name": "Can add session", "content_type": 6}}, {"pk": 17, "model": "auth.permission", "fields": {"codename": "change_session", "name": "Can change session", "content_type": 6}}, {"pk": 18, "model": "auth.permission", "fields": {"codename": "delete_session", "name": "Can delete session", "content_type": 6}}, {"pk": 19, "model": "auth.permission", "fields": {"codename": "add_site", "name": "Can add site", "content_type": 7}}, {"pk": 20, "model": "auth.permission", "fields": {"codename": "change_site", "name": "Can change site", "content_type": 7}}, {"pk": 21, "model": "auth.permission", "fields": {"codename": "delete_site", "name": "Can delete site", "content_type": 7}}, {"pk": 43, "model": "auth.permission", "fields": {"codename": "add_context", "name": "Can add context", "content_type": 15}}, {"pk": 44, "model": "auth.permission", "fields": {"codename": "change_context", "name": "Can change context", "content_type": 15}}, {"pk": 45, "model": "auth.permission", "fields": {"codename": "delete_context", "name": "Can delete context", "content_type": 15}}, {"pk": 31, "model": "auth.permission", "fields": {"codename": "add_followup", "name": "Can add followup", "content_type": 11}}, {"pk": 32, "model": "auth.permission", "fields": {"codename": "change_followup", "name": "Can change followup", "content_type": 11}}, {"pk": 33, "model": "auth.permission", "fields": {"codename": "delete_followup", "name": "Can delete followup", "content_type": 11}}, {"pk": 34, "model": "auth.permission", "fields": {"codename": "add_media", "name": "Can add media", "content_type": 12}}, {"pk": 35, "model": "auth.permission", "fields": {"codename": "change_media", "name": "Can change media", "content_type": 12}}, {"pk": 36, "model": "auth.permission", "fields": {"codename": "delete_media", "name": "Can delete media", "content_type": 12}}, {"pk": 46, "model": "auth.permission", "fields": {"codename": "add_status", "name": "Can add status", "content_type": 16}}, {"pk": 47, "model": "auth.permission", "fields": {"codename": "change_status", "name": "Can change status", "content_type": 16}}, {"pk": 48, "model": "auth.permission", "fields": {"codename": "delete_status", "name": "Can delete status", "content_type": 16}}, {"pk": 28, "model": "auth.permission", "fields": {"codename": "add_ticket", "name": "Can add ticket", "content_type": 10}}, {"pk": 29, "model": "auth.permission", "fields": {"codename": "change_ticket", "name": "Can change ticket", "content_type": 10}}, {"pk": 30, "model": "auth.permission", "fields": {"codename": "delete_ticket", "name": "Can delete ticket", "content_type": 10}}, {"pk": 40, "model": "auth.permission", "fields": {"codename": "add_type", "name": "Can add type", "content_type": 14}}, {"pk": 41, "model": "auth.permission", "fields": {"codename": "change_type", "name": "Can change type", "content_type": 14}}, {"pk": 42, "model": "auth.permission", "fields": {"codename": "delete_type", "name": "Can delete type", "content_type": 14}}, {"pk": 1, "model": "auth.group", "fields": {"name": "t\u00e9cnico", "permissions": [43, 44, 45, 31, 32, 33, 34, 35, 36, 46, 47, 48, 28, 29, 30, 40, 41, 42]}}, {"pk": 1, "model": "auth.user", "fields": {"username": "admin", "first_name": "Jamil ", "last_name": "Atta", "is_active": true, "is_superuser": true, "is_staff": true, "last_login": "2011-02-01 18:12:29", "groups": [], "user_permissions": [], "password": "sha1$dceba$01e855f6d5889da8f762f241cc376129c5c59a80", "email": "atta.jamil@gmail.com", "date_joined": "2010-11-18 12:54:05"}}, {"pk": 32, "model": "auth.user", "fields": {"username": "cinthyaperona", "first_name": "Cinthya", "last_name": "Perona", "is_active": true, "is_superuser": false, "is_staff": true, "last_login": "2011-02-01 18:07:47", "groups": [1], "user_permissions": [], "password": "sha1$7b3ac$a0c111121a6d308e5a164df64a41e050582b9323", "email": "cinthya.perona@scielo.org", "date_joined": "2011-02-01 18:07:47"}}, {"pk": 33, "model": "auth.user", "fields": {"username": "fabiana.montanari", "first_name": "Fabiana", "last_name": "Montanari", "is_active": true, "is_superuser": true, "is_staff": true, "last_login": "2011-02-01 18:08:02", "groups": [], "user_permissions": [22, 23, 24, 4, 5, 6, 10, 11, 12, 1, 2, 3, 7, 8, 9, 13, 14, 15, 25, 26, 27, 37, 38, 39, 16, 17, 18, 19, 20, 21, 43, 44, 45, 31, 32, 33, 34, 35, 36, 46, 47, 48, 28, 29, 30, 40, 41, 42], "password": "sha1$ce33f$7f511be289addbe102eed1c20cca8a0397bdd3c8", "email": "abiana.montanari@scielo.org", "date_joined": "2011-02-01 18:08:02"}}, {"pk": 31, "model": "auth.user", "fields": {"username": "deniseperes", "first_name": "Denise", "last_name": "Peres", "is_active": true, "is_superuser": false, "is_staff": true, "last_login": "2011-02-01 18:12:51", "groups": [1], "user_permissions": [], "password": "sha1$c41aa$d83c855fb431e173d949b4b0abe5662794baf4ef", "email": "denise.peres@scielo.org", "date_joined": "2011-02-01 18:07:23"}}]